<?xml version="1.0" encoding="UTF-8"?>
<GenRun Id="impl_1" LaunchPart="xc7a35tcpg236-1" LaunchTime="1491156670">
  <File Type="OPT-DCP" Name="basys_opt.dcp"/>
  <File Type="ROUTE-STATUS-PB" Name="basys_route_status.pb"/>
  <File Type="PA-TCL" Name="basys.tcl"/>
  <File Type="RDI-RDI" Name="basys.vdi"/>
  <File Type="PWROPT-DRC" Name="basys_drc_pwropted.rpt"/>
  <File Type="OPT-METHODOLOGY-DRC" Name="basys_methodology_drc_opted.rpt"/>
  <File Type="INIT-TIMING" Name="basys_timing_summary_init.rpt"/>
  <File Type="OPT-DRC" Name="basys_drc_opted.rpt"/>
  <File Type="PWROPT-DCP" Name="basys_pwropt.dcp"/>
  <File Type="OPT-HWDEF" Name="basys.hwdef"/>
  <File Type="OPT-TIMING" Name="basys_timing_summary_opted.rpt"/>
  <File Type="PWROPT-TIMING" Name="basys_timing_summary_pwropted.rpt"/>
  <File Type="PLACE-DCP" Name="basys_placed.dcp"/>
  <File Type="PLACE-IO" Name="basys_io_placed.rpt"/>
  <File Type="PLACE-CLK" Name="basys_clock_utilization_placed.rpt"/>
  <File Type="PLACE-UTIL" Name="basys_utilization_placed.rpt"/>
  <File Type="PLACE-UTIL-PB" Name="basys_utilization_placed.pb"/>
  <File Type="PLACE-CTRL" Name="basys_control_sets_placed.rpt"/>
  <File Type="PLACE-SIMILARITY" Name="basys_incremental_reuse_placed.rpt"/>
  <File Type="PLACE-PRE-SIMILARITY" Name="basys_incremental_reuse_pre_placed.rpt"/>
  <File Type="PLACE-TIMING" Name="basys_timing_summary_placed.rpt"/>
  <File Type="POSTPLACE-PWROPT-DCP" Name="basys_postplace_pwropt.dcp"/>
  <File Type="POSTPLACE-PWROPT-TIMING" Name="basys_timing_summary_postplace_pwropted.rpt"/>
  <File Type="PHYSOPT-DCP" Name="basys_physopt.dcp"/>
  <File Type="PHYSOPT-DRC" Name="basys_drc_physopted.rpt"/>
  <File Type="PHYSOPT-TIMING" Name="basys_timing_summary_physopted.rpt"/>
  <File Type="ROUTE-DCP" Name="basys_routed.dcp"/>
  <File Type="ROUTE-BLACKBOX-DCP" Name="basys_routed_bb.dcp"/>
  <File Type="ROUTE-DRC" Name="basys_drc_routed.rpt"/>
  <File Type="ROUTE-DRC-PB" Name="basys_drc_routed.pb"/>
  <File Type="ROUTE-METHODOLOGY-DRC" Name="basys_methodology_drc_routed.rpt"/>
  <File Type="BG-BIT" Name="basys.bit"/>
  <File Type="ROUTE-METHODOLOGY-DRC-PB" Name="basys_methodology_drc_routed.pb"/>
  <File Type="ROUTE-PWR" Name="basys_power_routed.rpt"/>
  <File Type="ROUTE-PWR-SUM" Name="basys_power_summary_routed.pb"/>
  <File Type="ROUTE-PWR-RPX" Name="basys_power_routed.rpx"/>
  <File Type="ROUTE-STATUS" Name="basys_route_status.rpt"/>
  <File Type="ROUTE-TIMINGSUMMARY" Name="basys_timing_summary_routed.rpt"/>
  <File Type="ROUTE-TIMING-PB" Name="basys_timing_summary_routed.pb"/>
  <File Type="ROUTE-TIMING-RPX" Name="basys_timing_summary_routed.rpx"/>
  <File Type="ROUTE-SIMILARITY" Name="basys_incremental_reuse_routed.rpt"/>
  <File Type="ROUTE-CLK" Name="basys_clock_utilization_routed.rpt"/>
  <File Type="POSTROUTE-PHYSOPT-DCP" Name="basys_postroute_physopt.dcp"/>
  <File Type="POSTROUTE-PHYSOPT-BLACKBOX-DCP" Name="basys_postroute_physopt_bb.dcp"/>
  <File Type="POSTROUTE-PHYSOPT-TIMING" Name="basys_timing_summary_postroute_physopted.rpt"/>
  <File Type="POSTROUTE-PHYSOPT-TIMING-PB" Name="basys_timing_summary_postroute_physopted.pb"/>
  <File Type="POSTROUTE-PHYSOPT-TIMING-RPX" Name="basys_timing_summary_postroute_physopted.rpx"/>
  <File Type="BG-BIN" Name="basys.bin"/>
  <File Type="BITSTR-MSK" Name="basys.msk"/>
  <File Type="BITSTR-RBT" Name="basys.rbt"/>
  <File Type="BITSTR-NKY" Name="basys.nky"/>
  <File Type="BITSTR-BMM" Name="basys_bd.bmm"/>
  <File Type="BITSTR-MMI" Name="basys.mmi"/>
  <File Type="BITSTR-SYSDEF" Name="basys.sysdef"/>
  <File Type="BG-BGN" Name="basys.bgn"/>
  <File Type="BG-DRC" Name="basys.drc"/>
  <File Type="WBT-USG" Name="usage_statistics_webtalk.html"/>
  <FileSet Name="sources" Type="DesignSrcs" RelSrcDir="$PSRCDIR/sources_1">
    <Filter Type="Srcs"/>
    <File Path="$PSRCDIR/sources_1/new/sl2.sv">
      <FileInfo>
        <Attr Name="UsedIn" Val="synthesis"/>
        <Attr Name="UsedIn" Val="implementation"/>
        <Attr Name="UsedIn" Val="simulation"/>
      </FileInfo>
    </File>
    <File Path="$PSRCDIR/sources_1/new/flopr.sv">
      <FileInfo>
        <Attr Name="UsedIn" Val="synthesis"/>
        <Attr Name="UsedIn" Val="implementation"/>
        <Attr Name="UsedIn" Val="simulation"/>
      </FileInfo>
    </File>
    <File Path="$PSRCDIR/sources_1/new/alu.sv">
      <FileInfo>
        <Attr Name="UsedIn" Val="synthesis"/>
        <Attr Name="UsedIn" Val="implementation"/>
        <Attr Name="UsedIn" Val="simulation"/>
      </FileInfo>
    </File>
    <File Path="$PSRCDIR/sources_1/new/adder.sv">
      <FileInfo>
        <Attr Name="UsedIn" Val="synthesis"/>
        <Attr Name="UsedIn" Val="implementation"/>
        <Attr Name="UsedIn" Val="simulation"/>
      </FileInfo>
    </File>
    <File Path="$PSRCDIR/sources_1/new/signext.sv">
      <FileInfo>
        <Attr Name="UsedIn" Val="synthesis"/>
        <Attr Name="UsedIn" Val="implementation"/>
        <Attr Name="UsedIn" Val="simulation"/>
      </FileInfo>
    </File>
    <File Path="$PSRCDIR/sources_1/new/regfile.sv">
      <FileInfo>
        <Attr Name="UsedIn" Val="synthesis"/>
        <Attr Name="UsedIn" Val="implementation"/>
        <Attr Name="UsedIn" Val="simulation"/>
      </FileInfo>
    </File>
    <File Path="$PSRCDIR/sources_1/new/maindec.sv">
      <FileInfo>
        <Attr Name="UsedIn" Val="synthesis"/>
        <Attr Name="UsedIn" Val="implementation"/>
        <Attr Name="UsedIn" Val="simulation"/>
      </FileInfo>
    </File>
    <File Path="$PSRCDIR/sources_1/new/aludec.sv">
      <FileInfo>
        <Attr Name="UsedIn" Val="synthesis"/>
        <Attr Name="UsedIn" Val="implementation"/>
        <Attr Name="UsedIn" Val="simulation"/>
      </FileInfo>
    </File>
    <File Path="$PSRCDIR/sources_1/new/mux2.sv">
      <FileInfo>
        <Attr Name="UsedIn" Val="synthesis"/>
        <Attr Name="UsedIn" Val="implementation"/>
        <Attr Name="UsedIn" Val="simulation"/>
      </FileInfo>
    </File>
    <File Path="$PSRCDIR/sources_1/new/datapath.sv">
      <FileInfo>
        <Attr Name="UsedIn" Val="synthesis"/>
        <Attr Name="UsedIn" Val="implementation"/>
        <Attr Name="UsedIn" Val="simulation"/>
      </FileInfo>
    </File>
    <File Path="$PSRCDIR/sources_1/new/controller.sv">
      <FileInfo>
        <Attr Name="UsedIn" Val="synthesis"/>
        <Attr Name="UsedIn" Val="implementation"/>
        <Attr Name="UsedIn" Val="simulation"/>
      </FileInfo>
    </File>
    <File Path="$PSRCDIR/sources_1/new/imem.sv">
      <FileInfo>
        <Attr Name="UsedIn" Val="synthesis"/>
        <Attr Name="UsedIn" Val="implementation"/>
        <Attr Name="UsedIn" Val="simulation"/>
      </FileInfo>
    </File>
    <File Path="$PSRCDIR/sources_1/new/dmem.sv">
      <FileInfo>
        <Attr Name="UsedIn" Val="synthesis"/>
        <Attr Name="UsedIn" Val="implementation"/>
        <Attr Name="UsedIn" Val="simulation"/>
      </FileInfo>
    </File>
    <File Path="$PSRCDIR/sources_1/new/mips.sv">
      <FileInfo>
        <Attr Name="UsedIn" Val="synthesis"/>
        <Attr Name="UsedIn" Val="implementation"/>
        <Attr Name="UsedIn" Val="simulation"/>
      </FileInfo>
    </File>
    <File Path="$PSRCDIR/sources_1/new/newCLK.sv">
      <FileInfo>
        <Attr Name="UsedIn" Val="synthesis"/>
        <Attr Name="UsedIn" Val="implementation"/>
        <Attr Name="UsedIn" Val="simulation"/>
      </FileInfo>
    </File>
    <File Path="$PSRCDIR/sources_1/new/sevenseg.sv">
      <FileInfo>
        <Attr Name="UsedIn" Val="synthesis"/>
        <Attr Name="UsedIn" Val="implementation"/>
        <Attr Name="UsedIn" Val="simulation"/>
      </FileInfo>
    </File>
    <File Path="$PSRCDIR/sources_1/new/debouncer.sv">
      <FileInfo>
        <Attr Name="UsedIn" Val="synthesis"/>
        <Attr Name="UsedIn" Val="implementation"/>
        <Attr Name="UsedIn" Val="simulation"/>
      </FileInfo>
    </File>
    <File Path="$PSRCDIR/sources_1/new/top.sv">
      <FileInfo>
        <Attr Name="UsedIn" Val="synthesis"/>
        <Attr Name="UsedIn" Val="implementation"/>
        <Attr Name="UsedIn" Val="simulation"/>
      </FileInfo>
    </File>
    <File Path="$PSRCDIR/sources_1/new/basys.sv">
      <FileInfo>
        <Attr Name="UsedIn" Val="synthesis"/>
        <Attr Name="UsedIn" Val="implementation"/>
        <Attr Name="UsedIn" Val="simulation"/>
      </FileInfo>
    </File>
    <Config>
      <Option Name="DesignMode" Val="RTL"/>
      <Option Name="TopModule" Val="basys"/>
      <Option Name="TopAutoSet" Val="TRUE"/>
    </Config>
  </FileSet>
  <FileSet Name="constrs_in" Type="Constrs" RelSrcDir="$PSRCDIR/constrs_1">
    <Filter Type="Constrs"/>
    <File Path="$PSRCDIR/constrs_1/new/constraints.xdc">
      <FileInfo>
        <Attr Name="UsedIn" Val="synthesis"/>
        <Attr Name="UsedIn" Val="implementation"/>
      </FileInfo>
    </File>
    <Config>
      <Option Name="ConstrsType" Val="XDC"/>
    </Config>
  </FileSet>
  <Strategy Version="1" Minor="2">
    <StratHandle Name="Vivado Implementation Defaults" Flow="Vivado Implementation 2016"/>
    <Step Id="init_design"/>
    <Step Id="opt_design"/>
    <Step Id="power_opt_design"/>
    <Step Id="place_design"/>
    <Step Id="post_place_power_opt_design"/>
    <Step Id="phys_opt_design"/>
    <Step Id="route_design"/>
    <Step Id="post_route_phys_opt_design"/>
    <Step Id="write_bitstream"/>
  </Strategy>
</GenRun>
