<?xml version="1.0" encoding="UTF-8"?>
<GenRun Id="synth_1" LaunchPart="xc7a35tcpg236-1" LaunchTime="1491152963">
  <File Type="PA-TCL" Name="aluu.tcl"/>
  <File Type="RDS-PROPCONSTRS" Name="aluu_drc_synth.rpt"/>
  <File Type="RDS-RDS" Name="aluu.vds"/>
  <File Type="RDS-UTIL" Name="aluu_utilization_synth.rpt"/>
  <File Type="RDS-UTIL-PB" Name="aluu_utilization_synth.pb"/>
  <File Type="RDS-DCP" Name="aluu.dcp"/>
  <File Type="VDS-TIMINGSUMMARY" Name="aluu_timing_summary_synth.rpt"/>
  <File Type="VDS-TIMING-PB" Name="aluu_timing_summary_synth.pb"/>
  <FileSet Name="sources" Type="DesignSrcs" RelSrcDir="$PSRCDIR/sources_1">
    <Filter Type="Srcs"/>
    <File Path="$PSRCDIR/sources_1/new/aluu.sv">
      <FileInfo>
        <Attr Name="UsedIn" Val="synthesis"/>
        <Attr Name="UsedIn" Val="implementation"/>
        <Attr Name="UsedIn" Val="simulation"/>
      </FileInfo>
    </File>
    <Config>
      <Option Name="DesignMode" Val="RTL"/>
      <Option Name="TopModule" Val="aluu"/>
      <Option Name="TopAutoSet" Val="TRUE"/>
    </Config>
  </FileSet>
  <FileSet Name="constrs_in" Type="Constrs" RelSrcDir="$PSRCDIR/constrs_1">
    <Filter Type="Constrs"/>
    <Config>
      <Option Name="ConstrsType" Val="XDC"/>
    </Config>
  </FileSet>
  <Strategy Version="1" Minor="2">
    <StratHandle Name="Vivado Synthesis Defaults" Flow="Vivado Synthesis 2016"/>
    <Step Id="synth_design"/>
  </Strategy>
</GenRun>
