<?xml version="1.0" encoding="UTF-8"?>
<GenRun Id="impl_1" LaunchPart="xc7a35tcpg236-1" LaunchTime="1491152993">
  <File Type="ROUTE-STATUS-PB" Name="aluu_route_status.pb"/>
  <File Type="PA-TCL" Name="aluu.tcl"/>
  <File Type="OPT-DCP" Name="aluu_opt.dcp"/>
  <File Type="INIT-TIMING" Name="aluu_timing_summary_init.rpt"/>
  <File Type="OPT-METHODOLOGY-DRC" Name="aluu_methodology_drc_opted.rpt"/>
  <File Type="RDI-RDI" Name="aluu.vdi"/>
  <File Type="PWROPT-DRC" Name="aluu_drc_pwropted.rpt"/>
  <File Type="OPT-DRC" Name="aluu_drc_opted.rpt"/>
  <File Type="PWROPT-DCP" Name="aluu_pwropt.dcp"/>
  <File Type="OPT-HWDEF" Name="aluu.hwdef"/>
  <File Type="OPT-TIMING" Name="aluu_timing_summary_opted.rpt"/>
  <File Type="PWROPT-TIMING" Name="aluu_timing_summary_pwropted.rpt"/>
  <File Type="PLACE-DCP" Name="aluu_placed.dcp"/>
  <File Type="PLACE-IO" Name="aluu_io_placed.rpt"/>
  <File Type="PLACE-CLK" Name="aluu_clock_utilization_placed.rpt"/>
  <File Type="PLACE-UTIL" Name="aluu_utilization_placed.rpt"/>
  <File Type="PLACE-UTIL-PB" Name="aluu_utilization_placed.pb"/>
  <File Type="PLACE-CTRL" Name="aluu_control_sets_placed.rpt"/>
  <File Type="PLACE-SIMILARITY" Name="aluu_incremental_reuse_placed.rpt"/>
  <File Type="PLACE-PRE-SIMILARITY" Name="aluu_incremental_reuse_pre_placed.rpt"/>
  <File Type="PLACE-TIMING" Name="aluu_timing_summary_placed.rpt"/>
  <File Type="POSTPLACE-PWROPT-DCP" Name="aluu_postplace_pwropt.dcp"/>
  <File Type="POSTPLACE-PWROPT-TIMING" Name="aluu_timing_summary_postplace_pwropted.rpt"/>
  <File Type="PHYSOPT-DCP" Name="aluu_physopt.dcp"/>
  <File Type="PHYSOPT-DRC" Name="aluu_drc_physopted.rpt"/>
  <File Type="PHYSOPT-TIMING" Name="aluu_timing_summary_physopted.rpt"/>
  <File Type="ROUTE-DCP" Name="aluu_routed.dcp"/>
  <File Type="ROUTE-BLACKBOX-DCP" Name="aluu_routed_bb.dcp"/>
  <File Type="ROUTE-DRC" Name="aluu_drc_routed.rpt"/>
  <File Type="ROUTE-DRC-PB" Name="aluu_drc_routed.pb"/>
  <File Type="ROUTE-METHODOLOGY-DRC" Name="aluu_methodology_drc_routed.rpt"/>
  <File Type="ROUTE-METHODOLOGY-DRC-PB" Name="aluu_methodology_drc_routed.pb"/>
  <File Type="BG-BIT" Name="aluu.bit"/>
  <File Type="ROUTE-PWR" Name="aluu_power_routed.rpt"/>
  <File Type="ROUTE-PWR-SUM" Name="aluu_power_summary_routed.pb"/>
  <File Type="ROUTE-PWR-RPX" Name="aluu_power_routed.rpx"/>
  <File Type="ROUTE-STATUS" Name="aluu_route_status.rpt"/>
  <File Type="ROUTE-TIMINGSUMMARY" Name="aluu_timing_summary_routed.rpt"/>
  <File Type="ROUTE-TIMING-PB" Name="aluu_timing_summary_routed.pb"/>
  <File Type="ROUTE-TIMING-RPX" Name="aluu_timing_summary_routed.rpx"/>
  <File Type="ROUTE-SIMILARITY" Name="aluu_incremental_reuse_routed.rpt"/>
  <File Type="ROUTE-CLK" Name="aluu_clock_utilization_routed.rpt"/>
  <File Type="POSTROUTE-PHYSOPT-DCP" Name="aluu_postroute_physopt.dcp"/>
  <File Type="POSTROUTE-PHYSOPT-BLACKBOX-DCP" Name="aluu_postroute_physopt_bb.dcp"/>
  <File Type="POSTROUTE-PHYSOPT-TIMING" Name="aluu_timing_summary_postroute_physopted.rpt"/>
  <File Type="POSTROUTE-PHYSOPT-TIMING-PB" Name="aluu_timing_summary_postroute_physopted.pb"/>
  <File Type="POSTROUTE-PHYSOPT-TIMING-RPX" Name="aluu_timing_summary_postroute_physopted.rpx"/>
  <File Type="BG-BIN" Name="aluu.bin"/>
  <File Type="BITSTR-MSK" Name="aluu.msk"/>
  <File Type="BITSTR-RBT" Name="aluu.rbt"/>
  <File Type="BITSTR-NKY" Name="aluu.nky"/>
  <File Type="BITSTR-BMM" Name="aluu_bd.bmm"/>
  <File Type="BITSTR-MMI" Name="aluu.mmi"/>
  <File Type="BITSTR-SYSDEF" Name="aluu.sysdef"/>
  <File Type="BG-BGN" Name="aluu.bgn"/>
  <File Type="BG-DRC" Name="aluu.drc"/>
  <File Type="WBT-USG" Name="usage_statistics_webtalk.html"/>
  <FileSet Name="sources" Type="DesignSrcs" RelSrcDir="$PSRCDIR/sources_1">
    <Filter Type="Srcs"/>
    <File Path="$PSRCDIR/sources_1/new/aluu.sv">
      <FileInfo>
        <Attr Name="UsedIn" Val="synthesis"/>
        <Attr Name="UsedIn" Val="implementation"/>
        <Attr Name="UsedIn" Val="simulation"/>
      </FileInfo>
    </File>
    <Config>
      <Option Name="DesignMode" Val="RTL"/>
      <Option Name="TopModule" Val="aluu"/>
      <Option Name="TopAutoSet" Val="TRUE"/>
    </Config>
  </FileSet>
  <FileSet Name="constrs_in" Type="Constrs" RelSrcDir="$PSRCDIR/constrs_1">
    <Filter Type="Constrs"/>
    <Config>
      <Option Name="ConstrsType" Val="XDC"/>
    </Config>
  </FileSet>
  <Strategy Version="1" Minor="2">
    <StratHandle Name="Vivado Implementation Defaults" Flow="Vivado Implementation 2016"/>
    <Step Id="init_design"/>
    <Step Id="opt_design"/>
    <Step Id="power_opt_design"/>
    <Step Id="place_design"/>
    <Step Id="post_place_power_opt_design"/>
    <Step Id="phys_opt_design"/>
    <Step Id="route_design"/>
    <Step Id="post_route_phys_opt_design"/>
    <Step Id="write_bitstream"/>
  </Strategy>
</GenRun>
